date_sid,date_code,date_name,week_id,weekday_id,weekday_name,month_id,month_name,quarter_id,quarter_name,year_id,year_name,sales_season,inbound_season,outbound_season,inbound_carry_over,outbound_carry_over,fin_year_id,fin_month_id,month_id_desc,fin_quarter_id,fin_week_id,fin_lwk_date_code,fin_lwk_date_name
45655,2024-12-31 00:00:00,20241231,202539,3,Tuesday,202412,December,202404,4,2024,2024,FW24,,,SS25,SS25,2025,202509,2024Dec,202503,202539,2024-01-02 00:00:00,20240102
45654,2024-12-30 00:00:00,20241230,202539,2,Monday,202412,December,202404,4,2024,2024,FW24,,,SS25,SS25,2025,202509,2024Dec,202503,202539,2024-01-01 00:00:00,20240101
45653,2024-12-29 00:00:00,20241229,202539,1,Sunday,202412,December,202404,4,2024,2024,FW24,,,SS25,SS25,2025,202509,2024Dec,202503,202539,2023-12-31 00:00:00,20231231
45652,2024-12-28 00:00:00,20241228,202538,7,Saturday,202412,December,202404,4,2024,2024,FW24,,,SS25,SS25,2025,202509,2024Dec,202503,202538,2023-12-30 00:00:00,20231230
45651,2024-12-27 00:00:00,20241227,202538,6,Friday,202412,December,202404,4,2024,2024,FW24,,,SS25,SS25,2025,202509,2024Dec,202503,202538,2023-12-29 00:00:00,20231229
45650,2024-12-26 00:00:00,20241226,202538,5,Thursday,202412,December,202404,4,2024,2024,FW24,,,SS25,SS25,2025,202509,2024Dec,202503,202538,2023-12-28 00:00:00,20231228
45649,2024-12-25 00:00:00,20241225,202538,4,Wednesday,202412,December,202404,4,2024,2024,FW24,,,SS25,SS25,2025,202509,2024Dec,202503,202538,2023-12-27 00:00:00,20231227
45648,2024-12-24 00:00:00,20241224,202538,3,Tuesday,202412,December,202404,4,2024,2024,FW24,,,SS25,SS25,2025,202509,2024Dec,202503,202538,2023-12-26 00:00:00,20231226
45647,2024-12-23 00:00:00,20241223,202538,2,Monday,202412,December,202404,4,2024,2024,FW24,,,SS25,SS25,2025,202509,2024Dec,202503,202538,2023-12-25 00:00:00,20231225
45646,2024-12-22 00:00:00,20241222,202538,1,Sunday,202412,December,202404,4,2024,2024,FW24,,,SS25,SS25,2025,202509,2024Dec,202503,202538,2023-12-24 00:00:00,20231224
45645,2024-12-21 00:00:00,20241221,202537,7,Saturday,202412,December,202404,4,2024,2024,FW24,,,SS25,SS25,2025,202509,2024Dec,202503,202537,2023-12-23 00:00:00,20231223
45644,2024-12-20 00:00:00,20241220,202537,6,Friday,202412,December,202404,4,2024,2024,FW24,,,SS25,SS25,2025,202509,2024Dec,202503,202537,2023-12-22 00:00:00,20231222
45643,2024-12-19 00:00:00,20241219,202537,5,Thursday,202412,December,202404,4,2024,2024,FW24,,,SS25,SS25,2025,202509,2024Dec,202503,202537,2023-12-21 00:00:00,20231221
45642,2024-12-18 00:00:00,20241218,202537,4,Wednesday,202412,December,202404,4,2024,2024,FW24,,,SS25,SS25,2025,202509,2024Dec,202503,202537,2023-12-20 00:00:00,20231220
45641,2024-12-17 00:00:00,20241217,202537,3,Tuesday,202412,December,202404,4,2024,2024,FW24,,,SS25,SS25,2025,202509,2024Dec,202503,202537,2023-12-19 00:00:00,20231219
45640,2024-12-16 00:00:00,20241216,202537,2,Monday,202412,December,202404,4,2024,2024,FW24,,,SS25,SS25,2025,202509,2024Dec,202503,202537,2023-12-18 00:00:00,20231218
45639,2024-12-15 00:00:00,20241215,202537,1,Sunday,202412,December,202404,4,2024,2024,FW24,,,SS25,FW24,2025,202509,2024Dec,202503,202537,2023-12-17 00:00:00,20231217
45638,2024-12-14 00:00:00,20241214,202536,7,Saturday,202412,December,202404,4,2024,2024,FW24,,,SS25,FW24,2025,202509,2024Dec,202503,202536,2023-12-16 00:00:00,20231216
45637,2024-12-13 00:00:00,20241213,202536,6,Friday,202412,December,202404,4,2024,2024,FW24,,,SS25,FW24,2025,202509,2024Dec,202503,202536,2023-12-15 00:00:00,20231215
45636,2024-12-12 00:00:00,20241212,202536,5,Thursday,202412,December,202404,4,2024,2024,FW24,,,SS25,FW24,2025,202509,2024Dec,202503,202536,2023-12-14 00:00:00,20231214
45635,2024-12-11 00:00:00,20241211,202536,4,Wednesday,202412,December,202404,4,2024,2024,FW24,,,SS25,FW24,2025,202509,2024Dec,202503,202536,2023-12-13 00:00:00,20231213
45634,2024-12-10 00:00:00,20241210,202536,3,Tuesday,202412,December,202404,4,2024,2024,FW24,,,SS25,FW24,2025,202509,2024Dec,202503,202536,2023-12-12 00:00:00,20231212
45633,2024-12-09 00:00:00,20241209,202536,2,Monday,202412,December,202404,4,2024,2024,FW24,,,SS25,FW24,2025,202509,2024Dec,202503,202536,2023-12-11 00:00:00,20231211
45632,2024-12-08 00:00:00,20241208,202536,1,Sunday,202412,December,202404,4,2024,2024,FW24,,,SS25,FW24,2025,202509,2024Dec,202503,202536,2023-12-10 00:00:00,20231210
45631,2024-12-07 00:00:00,20241207,202535,7,Saturday,202412,December,202404,4,2024,2024,FW24,,,SS25,FW24,2025,202509,2024Dec,202503,202535,2023-12-09 00:00:00,20231209
45630,2024-12-06 00:00:00,20241206,202535,6,Friday,202412,December,202404,4,2024,2024,FW24,,,SS25,FW24,2025,202509,2024Dec,202503,202535,2023-12-08 00:00:00,20231208
45629,2024-12-05 00:00:00,20241205,202535,5,Thursday,202412,December,202404,4,2024,2024,FW24,,,SS25,FW24,2025,202509,2024Dec,202503,202535,2023-12-07 00:00:00,20231207
45628,2024-12-04 00:00:00,20241204,202535,4,Wednesday,202412,December,202404,4,2024,2024,FW24,,,SS25,FW24,2025,202509,2024Dec,202503,202535,2023-12-06 00:00:00,20231206
45627,2024-12-03 00:00:00,20241203,202535,3,Tuesday,202412,December,202404,4,2024,2024,FW24,,,SS25,FW24,2025,202509,2024Dec,202503,202535,2023-12-05 00:00:00,20231205
45626,2024-12-02 00:00:00,20241202,202535,2,Monday,202412,December,202404,4,2024,2024,FW24,,,SS25,FW24,2025,202509,2024Dec,202503,202535,2023-12-04 00:00:00,20231204
45625,2024-12-01 00:00:00,20241201,202535,1,Sunday,202412,December,202404,4,2024,2024,FW24,,,SS25,FW24,2025,202509,2024Dec,202503,202535,2023-12-03 00:00:00,20231203
45624,2024-11-30 00:00:00,20241130,202534,7,Saturday,202411,November,202404,4,2024,2024,FW24,,,SS25,FW24,2025,202508,2024Nov,202503,202534,2023-12-02 00:00:00,20231202
45623,2024-11-29 00:00:00,20241129,202534,6,Friday,202411,November,202404,4,2024,2024,FW24,,,SS25,FW24,2025,202508,2024Nov,202503,202534,2023-12-01 00:00:00,20231201
45622,2024-11-28 00:00:00,20241128,202534,5,Thursday,202411,November,202404,4,2024,2024,FW24,,,SS25,FW24,2025,202508,2024Nov,202503,202534,2023-11-30 00:00:00,20231130
45621,2024-11-27 00:00:00,20241127,202534,4,Wednesday,202411,November,202404,4,2024,2024,FW24,,,SS25,FW24,2025,202508,2024Nov,202503,202534,2023-11-29 00:00:00,20231129
45620,2024-11-26 00:00:00,20241126,202534,3,Tuesday,202411,November,202404,4,2024,2024,FW24,,,SS25,FW24,2025,202508,2024Nov,202503,202534,2023-11-28 00:00:00,20231128
45619,2024-11-25 00:00:00,20241125,202534,2,Monday,202411,November,202404,4,2024,2024,FW24,,,SS25,FW24,2025,202508,2024Nov,202503,202534,2023-11-27 00:00:00,20231127
45618,2024-11-24 00:00:00,20241124,202534,1,Sunday,202411,November,202404,4,2024,2024,FW24,,,SS25,FW24,2025,202508,2024Nov,202503,202534,2023-11-26 00:00:00,20231126
45617,2024-11-23 00:00:00,20241123,202533,7,Saturday,202411,November,202404,4,2024,2024,FW24,,,SS25,FW24,2025,202508,2024Nov,202503,202533,2023-11-25 00:00:00,20231125
45616,2024-11-22 00:00:00,20241122,202533,6,Friday,202411,November,202404,4,2024,2024,FW24,,,SS25,FW24,2025,202508,2024Nov,202503,202533,2023-11-24 00:00:00,20231124
45615,2024-11-21 00:00:00,20241121,202533,5,Thursday,202411,November,202404,4,2024,2024,FW24,,,SS25,FW24,2025,202508,2024Nov,202503,202533,2023-11-23 00:00:00,20231123
45614,2024-11-20 00:00:00,20241120,202533,4,Wednesday,202411,November,202404,4,2024,2024,FW24,,,SS25,FW24,2025,202508,2024Nov,202503,202533,2023-11-22 00:00:00,20231122
45613,2024-11-19 00:00:00,20241119,202533,3,Tuesday,202411,November,202404,4,2024,2024,FW24,,,SS25,FW24,2025,202508,2024Nov,202503,202533,2023-11-21 00:00:00,20231121
45612,2024-11-18 00:00:00,20241118,202533,2,Monday,202411,November,202404,4,2024,2024,FW24,,,SS25,FW24,2025,202508,2024Nov,202503,202533,2023-11-20 00:00:00,20231120
45611,2024-11-17 00:00:00,20241117,202533,1,Sunday,202411,November,202404,4,2024,2024,FW24,,,SS25,FW24,2025,202508,2024Nov,202503,202533,2023-11-19 00:00:00,20231119
45610,2024-11-16 00:00:00,20241116,202532,7,Saturday,202411,November,202404,4,2024,2024,FW24,,,SS25,FW24,2025,202508,2024Nov,202503,202532,2023-11-18 00:00:00,20231118
45609,2024-11-15 00:00:00,20241115,202532,6,Friday,202411,November,202404,4,2024,2024,FW24,,,SS25,FW24,2025,202508,2024Nov,202503,202532,2023-11-17 00:00:00,20231117
45608,2024-11-14 00:00:00,20241114,202532,5,Thursday,202411,November,202404,4,2024,2024,FW24,,,SS25,FW24,2025,202508,2024Nov,202503,202532,2023-11-16 00:00:00,20231116
45607,2024-11-13 00:00:00,20241113,202532,4,Wednesday,202411,November,202404,4,2024,2024,FW24,,,SS25,FW24,2025,202508,2024Nov,202503,202532,2023-11-15 00:00:00,20231115
45606,2024-11-12 00:00:00,20241112,202532,3,Tuesday,202411,November,202404,4,2024,2024,FW24,,,SS25,FW24,2025,202508,2024Nov,202503,202532,2023-11-14 00:00:00,20231114
45605,2024-11-11 00:00:00,20241111,202532,2,Monday,202411,November,202404,4,2024,2024,FW24,,,SS25,FW24,2025,202508,2024Nov,202503,202532,2023-11-13 00:00:00,20231113
45604,2024-11-10 00:00:00,20241110,202532,1,Sunday,202411,November,202404,4,2024,2024,FW24,,,SS25,FW24,2025,202508,2024Nov,202503,202532,2023-11-12 00:00:00,20231112
45603,2024-11-09 00:00:00,20241109,202531,7,Saturday,202411,November,202404,4,2024,2024,FW24,,,SS25,FW24,2025,202508,2024Nov,202503,202531,2023-11-11 00:00:00,20231111
45602,2024-11-08 00:00:00,20241108,202531,6,Friday,202411,November,202404,4,2024,2024,FW24,,,SS25,FW24,2025,202508,2024Nov,202503,202531,2023-11-10 00:00:00,20231110
45601,2024-11-07 00:00:00,20241107,202531,5,Thursday,202411,November,202404,4,2024,2024,FW24,,,SS25,FW24,2025,202508,2024Nov,202503,202531,2023-11-09 00:00:00,20231109
45600,2024-11-06 00:00:00,20241106,202531,4,Wednesday,202411,November,202404,4,2024,2024,FW24,,,SS25,FW24,2025,202508,2024Nov,202503,202531,2023-11-08 00:00:00,20231108
45599,2024-11-05 00:00:00,20241105,202531,3,Tuesday,202411,November,202404,4,2024,2024,FW24,,,SS25,FW24,2025,202508,2024Nov,202503,202531,2023-11-07 00:00:00,20231107
45598,2024-11-04 00:00:00,20241104,202531,2,Monday,202411,November,202404,4,2024,2024,FW24,,,SS25,FW24,2025,202508,2024Nov,202503,202531,2023-11-06 00:00:00,20231106
45597,2024-11-03 00:00:00,20241103,202531,1,Sunday,202411,November,202404,4,2024,2024,FW24,,,SS25,FW24,2025,202508,2024Nov,202503,202531,2023-11-05 00:00:00,20231105
45596,2024-11-02 00:00:00,20241102,202530,7,Saturday,202411,November,202404,4,2024,2024,FW24,,,SS25,FW24,2025,202508,2024Nov,202503,202530,2023-11-04 00:00:00,20231104
45595,2024-11-01 00:00:00,20241101,202530,6,Friday,202411,November,202404,4,2024,2024,FW24,,,SS25,FW24,2025,202508,2024Nov,202503,202530,2023-11-03 00:00:00,20231103
45594,2024-10-31 00:00:00,20241031,202530,5,Thursday,202410,October,202404,4,2024,2024,FW24,,,FW24,FW24,2025,202507,2024Oct,202503,202530,2023-11-02 00:00:00,20231102
45593,2024-10-30 00:00:00,20241030,202530,4,Wednesday,202410,October,202404,4,2024,2024,FW24,,,FW24,FW24,2025,202507,2024Oct,202503,202530,2023-11-01 00:00:00,20231101
45592,2024-10-29 00:00:00,20241029,202530,3,Tuesday,202410,October,202404,4,2024,2024,FW24,,,FW24,FW24,2025,202507,2024Oct,202503,202530,2023-10-31 00:00:00,20231031
45591,2024-10-28 00:00:00,20241028,202530,2,Monday,202410,October,202404,4,2024,2024,FW24,,,FW24,FW24,2025,202507,2024Oct,202503,202530,2023-10-30 00:00:00,20231030
45590,2024-10-27 00:00:00,20241027,202530,1,Sunday,202410,October,202404,4,2024,2024,FW24,,,FW24,FW24,2025,202507,2024Oct,202503,202530,2023-10-29 00:00:00,20231029
45589,2024-10-26 00:00:00,20241026,202529,7,Saturday,202410,October,202404,4,2024,2024,FW24,,,FW24,FW24,2025,202507,2024Oct,202503,202529,2023-10-28 00:00:00,20231028
45588,2024-10-25 00:00:00,20241025,202529,6,Friday,202410,October,202404,4,2024,2024,FW24,,,FW24,FW24,2025,202507,2024Oct,202503,202529,2023-10-27 00:00:00,20231027
45587,2024-10-24 00:00:00,20241024,202529,5,Thursday,202410,October,202404,4,2024,2024,FW24,,,FW24,FW24,2025,202507,2024Oct,202503,202529,2023-10-26 00:00:00,20231026
45586,2024-10-23 00:00:00,20241023,202529,4,Wednesday,202410,October,202404,4,2024,2024,FW24,,,FW24,FW24,2025,202507,2024Oct,202503,202529,2023-10-25 00:00:00,20231025
45585,2024-10-22 00:00:00,20241022,202529,3,Tuesday,202410,October,202404,4,2024,2024,FW24,,,FW24,FW24,2025,202507,2024Oct,202503,202529,2023-10-24 00:00:00,20231024
45584,2024-10-21 00:00:00,20241021,202529,2,Monday,202410,October,202404,4,2024,2024,FW24,,,FW24,FW24,2025,202507,2024Oct,202503,202529,2023-10-23 00:00:00,20231023
45583,2024-10-20 00:00:00,20241020,202529,1,Sunday,202410,October,202404,4,2024,2024,FW24,,,FW24,FW24,2025,202507,2024Oct,202503,202529,2023-10-22 00:00:00,20231022
45582,2024-10-19 00:00:00,20241019,202528,7,Saturday,202410,October,202404,4,2024,2024,FW24,,,FW24,FW24,2025,202507,2024Oct,202503,202528,2023-10-21 00:00:00,20231021
45581,2024-10-18 00:00:00,20241018,202528,6,Friday,202410,October,202404,4,2024,2024,FW24,,,FW24,FW24,2025,202507,2024Oct,202503,202528,2023-10-20 00:00:00,20231020
45580,2024-10-17 00:00:00,20241017,202528,5,Thursday,202410,October,202404,4,2024,2024,FW24,,,FW24,FW24,2025,202507,2024Oct,202503,202528,2023-10-19 00:00:00,20231019
45579,2024-10-16 00:00:00,20241016,202528,4,Wednesday,202410,October,202404,4,2024,2024,FW24,,,FW24,FW24,2025,202507,2024Oct,202503,202528,2023-10-18 00:00:00,20231018
45578,2024-10-15 00:00:00,20241015,202528,3,Tuesday,202410,October,202404,4,2024,2024,FW24,,,FW24,FW24,2025,202507,2024Oct,202503,202528,2023-10-17 00:00:00,20231017
45577,2024-10-14 00:00:00,20241014,202528,2,Monday,202410,October,202404,4,2024,2024,FW24,,,FW24,FW24,2025,202507,2024Oct,202503,202528,2023-10-16 00:00:00,20231016
45576,2024-10-13 00:00:00,20241013,202528,1,Sunday,202410,October,202404,4,2024,2024,FW24,,,FW24,FW24,2025,202507,2024Oct,202503,202528,2023-10-15 00:00:00,20231015
45575,2024-10-12 00:00:00,20241012,202527,7,Saturday,202410,October,202404,4,2024,2024,FW24,,,FW24,FW24,2025,202507,2024Oct,202503,202527,2023-10-14 00:00:00,20231014
45574,2024-10-11 00:00:00,20241011,202527,6,Friday,202410,October,202404,4,2024,2024,FW24,,,FW24,FW24,2025,202507,2024Oct,202503,202527,2023-10-13 00:00:00,20231013
45573,2024-10-10 00:00:00,20241010,202527,5,Thursday,202410,October,202404,4,2024,2024,FW24,,,FW24,FW24,2025,202507,2024Oct,202503,202527,2023-10-12 00:00:00,20231012
45572,2024-10-09 00:00:00,20241009,202527,4,Wednesday,202410,October,202404,4,2024,2024,FW24,,,FW24,FW24,2025,202507,2024Oct,202503,202527,2023-10-11 00:00:00,20231011
45571,2024-10-08 00:00:00,20241008,202527,3,Tuesday,202410,October,202404,4,2024,2024,FW24,,,FW24,FW24,2025,202507,2024Oct,202503,202527,2023-10-10 00:00:00,20231010
45570,2024-10-07 00:00:00,20241007,202527,2,Monday,202410,October,202404,4,2024,2024,FW24,,,FW24,FW24,2025,202507,2024Oct,202503,202527,2023-10-09 00:00:00,20231009
45569,2024-10-06 00:00:00,20241006,202527,1,Sunday,202410,October,202404,4,2024,2024,FW24,,,FW24,FW24,2025,202507,2024Oct,202503,202527,2023-10-08 00:00:00,20231008
45568,2024-10-05 00:00:00,20241005,202526,7,Saturday,202410,October,202404,4,2024,2024,FW24,,,FW24,FW24,2025,202507,2024Oct,202503,202526,2023-10-07 00:00:00,20231007
45567,2024-10-04 00:00:00,20241004,202526,6,Friday,202410,October,202404,4,2024,2024,FW24,,,FW24,FW24,2025,202507,2024Oct,202503,202526,2023-10-06 00:00:00,20231006
45566,2024-10-03 00:00:00,20241003,202526,5,Thursday,202410,October,202404,4,2024,2024,FW24,,,FW24,FW24,2025,202507,2024Oct,202503,202526,2023-10-05 00:00:00,20231005
45565,2024-10-02 00:00:00,20241002,202526,4,Wednesday,202410,October,202404,4,2024,2024,FW24,,,FW24,FW24,2025,202507,2024Oct,202503,202526,2023-10-04 00:00:00,20231004
45564,2024-10-01 00:00:00,20241001,202526,3,Tuesday,202410,October,202404,4,2024,2024,FW24,,,FW24,FW24,2025,202507,2024Oct,202503,202526,2023-10-03 00:00:00,20231003
45563,2024-09-30 00:00:00,20240930,202526,2,Monday,202409,September,202403,3,2024,2024,FW24,,,FW24,FW24,2025,202506,2024Sep,202502,202526,2023-10-02 00:00:00,20231002
45562,2024-09-29 00:00:00,20240929,202526,1,Sunday,202409,September,202403,3,2024,2024,FW24,,,FW24,FW24,2025,202506,2024Sep,202502,202526,2023-10-01 00:00:00,20231001
45561,2024-09-28 00:00:00,20240928,202525,7,Saturday,202409,September,202403,3,2024,2024,FW24,,,FW24,FW24,2025,202506,2024Sep,202502,202525,2023-09-30 00:00:00,20230930
45560,2024-09-27 00:00:00,20240927,202525,6,Friday,202409,September,202403,3,2024,2024,FW24,,,FW24,FW24,2025,202506,2024Sep,202502,202525,2023-09-29 00:00:00,20230929
45559,2024-09-26 00:00:00,20240926,202525,5,Thursday,202409,September,202403,3,2024,2024,FW24,,,FW24,FW24,2025,202506,2024Sep,202502,202525,2023-09-28 00:00:00,20230928
45558,2024-09-25 00:00:00,20240925,202525,4,Wednesday,202409,September,202403,3,2024,2024,FW24,,,FW24,FW24,2025,202506,2024Sep,202502,202525,2023-09-27 00:00:00,20230927
45557,2024-09-24 00:00:00,20240924,202525,3,Tuesday,202409,September,202403,3,2024,2024,FW24,,,FW24,FW24,2025,202506,2024Sep,202502,202525,2023-09-26 00:00:00,20230926
45556,2024-09-23 00:00:00,20240923,202525,2,Monday,202409,September,202403,3,2024,2024,FW24,,,FW24,FW24,2025,202506,2024Sep,202502,202525,2023-09-25 00:00:00,20230925
45555,2024-09-22 00:00:00,20240922,202525,1,Sunday,202409,September,202403,3,2024,2024,FW24,,,FW24,FW24,2025,202506,2024Sep,202502,202525,2023-09-24 00:00:00,20230924
45554,2024-09-21 00:00:00,20240921,202524,7,Saturday,202409,September,202403,3,2024,2024,FW24,,,FW24,FW24,2025,202506,2024Sep,202502,202524,2023-09-23 00:00:00,20230923
45553,2024-09-20 00:00:00,20240920,202524,6,Friday,202409,September,202403,3,2024,2024,FW24,,,FW24,FW24,2025,202506,2024Sep,202502,202524,2023-09-22 00:00:00,20230922
45552,2024-09-19 00:00:00,20240919,202524,5,Thursday,202409,September,202403,3,2024,2024,FW24,,,FW24,FW24,2025,202506,2024Sep,202502,202524,2023-09-21 00:00:00,20230921
45551,2024-09-18 00:00:00,20240918,202524,4,Wednesday,202409,September,202403,3,2024,2024,FW24,,,FW24,FW24,2025,202506,2024Sep,202502,202524,2023-09-20 00:00:00,20230920
45550,2024-09-17 00:00:00,20240917,202524,3,Tuesday,202409,September,202403,3,2024,2024,FW24,,,FW24,FW24,2025,202506,2024Sep,202502,202524,2023-09-19 00:00:00,20230919
45549,2024-09-16 00:00:00,20240916,202524,2,Monday,202409,September,202403,3,2024,2024,FW24,,,FW24,FW24,2025,202506,2024Sep,202502,202524,2023-09-18 00:00:00,20230918
45548,2024-09-15 00:00:00,20240915,202524,1,Sunday,202409,September,202403,3,2024,2024,FW24,,,FW24,FW24,2025,202506,2024Sep,202502,202524,2023-09-17 00:00:00,20230917
45547,2024-09-14 00:00:00,20240914,202523,7,Saturday,202409,September,202403,3,2024,2024,FW24,,,FW24,FW24,2025,202506,2024Sep,202502,202523,2023-09-16 00:00:00,20230916
45546,2024-09-13 00:00:00,20240913,202523,6,Friday,202409,September,202403,3,2024,2024,FW24,,,FW24,FW24,2025,202506,2024Sep,202502,202523,2023-09-15 00:00:00,20230915
45545,2024-09-12 00:00:00,20240912,202523,5,Thursday,202409,September,202403,3,2024,2024,FW24,,,FW24,FW24,2025,202506,2024Sep,202502,202523,2023-09-14 00:00:00,20230914
45544,2024-09-11 00:00:00,20240911,202523,4,Wednesday,202409,September,202403,3,2024,2024,FW24,,,FW24,FW24,2025,202506,2024Sep,202502,202523,2023-09-13 00:00:00,20230913
45543,2024-09-10 00:00:00,20240910,202523,3,Tuesday,202409,September,202403,3,2024,2024,FW24,,,FW24,FW24,2025,202506,2024Sep,202502,202523,2023-09-12 00:00:00,20230912
45542,2024-09-09 00:00:00,20240909,202523,2,Monday,202409,September,202403,3,2024,2024,FW24,,,FW24,FW24,2025,202506,2024Sep,202502,202523,2023-09-11 00:00:00,20230911
45541,2024-09-08 00:00:00,20240908,202523,1,Sunday,202409,September,202403,3,2024,2024,FW24,,,FW24,FW24,2025,202506,2024Sep,202502,202523,2023-09-10 00:00:00,20230910
45540,2024-09-07 00:00:00,20240907,202522,7,Saturday,202409,September,202403,3,2024,2024,FW24,,,FW24,FW24,2025,202506,2024Sep,202502,202522,2023-09-09 00:00:00,20230909
45539,2024-09-06 00:00:00,20240906,202522,6,Friday,202409,September,202403,3,2024,2024,FW24,,,FW24,FW24,2025,202506,2024Sep,202502,202522,2023-09-08 00:00:00,20230908
45538,2024-09-05 00:00:00,20240905,202522,5,Thursday,202409,September,202403,3,2024,2024,FW24,,,FW24,FW24,2025,202506,2024Sep,202502,202522,2023-09-07 00:00:00,20230907
45537,2024-09-04 00:00:00,20240904,202522,4,Wednesday,202409,September,202403,3,2024,2024,FW24,,,FW24,FW24,2025,202506,2024Sep,202502,202522,2023-09-06 00:00:00,20230906
45536,2024-09-03 00:00:00,20240903,202522,3,Tuesday,202409,September,202403,3,2024,2024,FW24,,,FW24,FW24,2025,202506,2024Sep,202502,202522,2023-09-05 00:00:00,20230905
45535,2024-09-02 00:00:00,20240902,202522,2,Monday,202409,September,202403,3,2024,2024,FW24,,,FW24,FW24,2025,202506,2024Sep,202502,202522,2023-09-04 00:00:00,20230904
45534,2024-09-01 00:00:00,20240901,202522,1,Sunday,202409,September,202403,3,2024,2024,FW24,,,FW24,FW24,2025,202506,2024Sep,202502,202522,2023-09-03 00:00:00,20230903
45533,2024-08-31 00:00:00,20240831,202521,7,Saturday,202408,August,202403,3,2024,2024,FW24,,,FW24,FW24,2025,202505,2024Aug,202502,202521,2023-09-02 00:00:00,20230902
45532,2024-08-30 00:00:00,20240830,202521,6,Friday,202408,August,202403,3,2024,2024,FW24,,,FW24,FW24,2025,202505,2024Aug,202502,202521,2023-09-01 00:00:00,20230901
45531,2024-08-29 00:00:00,20240829,202521,5,Thursday,202408,August,202403,3,2024,2024,FW24,,,FW24,FW24,2025,202505,2024Aug,202502,202521,2023-08-31 00:00:00,20230831
45530,2024-08-28 00:00:00,20240828,202521,4,Wednesday,202408,August,202403,3,2024,2024,FW24,,,FW24,FW24,2025,202505,2024Aug,202502,202521,2023-08-30 00:00:00,20230830
45529,2024-08-27 00:00:00,20240827,202521,3,Tuesday,202408,August,202403,3,2024,2024,FW24,,,FW24,FW24,2025,202505,2024Aug,202502,202521,2023-08-29 00:00:00,20230829
45528,2024-08-26 00:00:00,20240826,202521,2,Monday,202408,August,202403,3,2024,2024,FW24,,,FW24,FW24,2025,202505,2024Aug,202502,202521,2023-08-28 00:00:00,20230828
45527,2024-08-25 00:00:00,20240825,202521,1,Sunday,202408,August,202403,3,2024,2024,FW24,,,FW24,FW24,2025,202505,2024Aug,202502,202521,2023-08-27 00:00:00,20230827
45526,2024-08-24 00:00:00,20240824,202520,7,Saturday,202408,August,202403,3,2024,2024,FW24,,,FW24,FW24,2025,202505,2024Aug,202502,202520,2023-08-26 00:00:00,20230826
45525,2024-08-23 00:00:00,20240823,202520,6,Friday,202408,August,202403,3,2024,2024,FW24,,,FW24,FW24,2025,202505,2024Aug,202502,202520,2023-08-25 00:00:00,20230825
45524,2024-08-22 00:00:00,20240822,202520,5,Thursday,202408,August,202403,3,2024,2024,FW24,,,FW24,FW24,2025,202505,2024Aug,202502,202520,2023-08-24 00:00:00,20230824
45523,2024-08-21 00:00:00,20240821,202520,4,Wednesday,202408,August,202403,3,2024,2024,FW24,,,FW24,FW24,2025,202505,2024Aug,202502,202520,2023-08-23 00:00:00,20230823
45522,2024-08-20 00:00:00,20240820,202520,3,Tuesday,202408,August,202403,3,2024,2024,FW24,,,FW24,FW24,2025,202505,2024Aug,202502,202520,2023-08-22 00:00:00,20230822
45521,2024-08-19 00:00:00,20240819,202520,2,Monday,202408,August,202403,3,2024,2024,FW24,,,FW24,FW24,2025,202505,2024Aug,202502,202520,2023-08-21 00:00:00,20230821
45520,2024-08-18 00:00:00,20240818,202520,1,Sunday,202408,August,202403,3,2024,2024,FW24,,,FW24,FW24,2025,202505,2024Aug,202502,202520,2023-08-20 00:00:00,20230820
45519,2024-08-17 00:00:00,20240817,202519,7,Saturday,202408,August,202403,3,2024,2024,FW24,,,FW24,FW24,2025,202505,2024Aug,202502,202519,2023-08-19 00:00:00,20230819
45518,2024-08-16 00:00:00,20240816,202519,6,Friday,202408,August,202403,3,2024,2024,FW24,,,FW24,FW24,2025,202505,2024Aug,202502,202519,2023-08-18 00:00:00,20230818
45517,2024-08-15 00:00:00,20240815,202519,5,Thursday,202408,August,202403,3,2024,2024,FW24,,,FW24,FW24,2025,202505,2024Aug,202502,202519,2023-08-17 00:00:00,20230817
45516,2024-08-14 00:00:00,20240814,202519,4,Wednesday,202408,August,202403,3,2024,2024,FW24,,,FW24,FW24,2025,202505,2024Aug,202502,202519,2023-08-16 00:00:00,20230816
45515,2024-08-13 00:00:00,20240813,202519,3,Tuesday,202408,August,202403,3,2024,2024,FW24,,,FW24,FW24,2025,202505,2024Aug,202502,202519,2023-08-15 00:00:00,20230815
45514,2024-08-12 00:00:00,20240812,202519,2,Monday,202408,August,202403,3,2024,2024,FW24,,,FW24,FW24,2025,202505,2024Aug,202502,202519,2023-08-14 00:00:00,20230814
45513,2024-08-11 00:00:00,20240811,202519,1,Sunday,202408,August,202403,3,2024,2024,FW24,,,FW24,FW24,2025,202505,2024Aug,202502,202519,2023-08-13 00:00:00,20230813
45512,2024-08-10 00:00:00,20240810,202518,7,Saturday,202408,August,202403,3,2024,2024,FW24,,,FW24,FW24,2025,202505,2024Aug,202502,202518,2023-08-12 00:00:00,20230812
45511,2024-08-09 00:00:00,20240809,202518,6,Friday,202408,August,202403,3,2024,2024,FW24,,,FW24,FW24,2025,202505,2024Aug,202502,202518,2023-08-11 00:00:00,20230811
45510,2024-08-08 00:00:00,20240808,202518,5,Thursday,202408,August,202403,3,2024,2024,FW24,,,FW24,FW24,2025,202505,2024Aug,202502,202518,2023-08-10 00:00:00,20230810
45509,2024-08-07 00:00:00,20240807,202518,4,Wednesday,202408,August,202403,3,2024,2024,FW24,,,FW24,FW24,2025,202505,2024Aug,202502,202518,2023-08-09 00:00:00,20230809
45508,2024-08-06 00:00:00,20240806,202518,3,Tuesday,202408,August,202403,3,2024,2024,FW24,,,FW24,FW24,2025,202505,2024Aug,202502,202518,2023-08-08 00:00:00,20230808
45507,2024-08-05 00:00:00,20240805,202518,2,Monday,202408,August,202403,3,2024,2024,FW24,,,FW24,FW24,2025,202505,2024Aug,202502,202518,2023-08-07 00:00:00,20230807
45506,2024-08-04 00:00:00,20240804,202518,1,Sunday,202408,August,202403,3,2024,2024,FW24,,,FW24,FW24,2025,202505,2024Aug,202502,202518,2023-08-06 00:00:00,20230806
45505,2024-08-03 00:00:00,20240803,202517,7,Saturday,202408,August,202403,3,2024,2024,FW24,,,FW24,FW24,2025,202505,2024Aug,202502,202517,2023-08-05 00:00:00,20230805
45504,2024-08-02 00:00:00,20240802,202517,6,Friday,202408,August,202403,3,2024,2024,FW24,,,FW24,FW24,2025,202505,2024Aug,202502,202517,2023-08-04 00:00:00,20230804
45503,2024-08-01 00:00:00,20240801,202517,5,Thursday,202408,August,202403,3,2024,2024,FW24,,,FW24,FW24,2025,202505,2024Aug,202502,202517,2023-08-03 00:00:00,20230803
45502,2024-07-31 00:00:00,20240731,202517,4,Wednesday,202407,July,202403,3,2024,2024,FW24,,,FW24,FW24,2025,202504,2024Jul,202502,202517,2023-08-02 00:00:00,20230802
45501,2024-07-30 00:00:00,20240730,202517,3,Tuesday,202407,July,202403,3,2024,2024,FW24,,,FW24,FW24,2025,202504,2024Jul,202502,202517,2023-08-01 00:00:00,20230801
45500,2024-07-29 00:00:00,20240729,202517,2,Monday,202407,July,202403,3,2024,2024,FW24,,,FW24,FW24,2025,202504,2024Jul,202502,202517,2023-07-31 00:00:00,20230731
45499,2024-07-28 00:00:00,20240728,202517,1,Sunday,202407,July,202403,3,2024,2024,FW24,,,FW24,FW24,2025,202504,2024Jul,202502,202517,2023-07-30 00:00:00,20230730
45498,2024-07-27 00:00:00,20240727,202516,7,Saturday,202407,July,202403,3,2024,2024,FW24,,,FW24,FW24,2025,202504,2024Jul,202502,202516,2023-07-29 00:00:00,20230729
45497,2024-07-26 00:00:00,20240726,202516,6,Friday,202407,July,202403,3,2024,2024,FW24,,,FW24,FW24,2025,202504,2024Jul,202502,202516,2023-07-28 00:00:00,20230728
45496,2024-07-25 00:00:00,20240725,202516,5,Thursday,202407,July,202403,3,2024,2024,FW24,,,FW24,FW24,2025,202504,2024Jul,202502,202516,2023-07-27 00:00:00,20230727
45495,2024-07-24 00:00:00,20240724,202516,4,Wednesday,202407,July,202403,3,2024,2024,FW24,,,FW24,FW24,2025,202504,2024Jul,202502,202516,2023-07-26 00:00:00,20230726
45494,2024-07-23 00:00:00,20240723,202516,3,Tuesday,202407,July,202403,3,2024,2024,FW24,,,FW24,FW24,2025,202504,2024Jul,202502,202516,2023-07-25 00:00:00,20230725
45493,2024-07-22 00:00:00,20240722,202516,2,Monday,202407,July,202403,3,2024,2024,FW24,,,FW24,FW24,2025,202504,2024Jul,202502,202516,2023-07-24 00:00:00,20230724
45492,2024-07-21 00:00:00,20240721,202516,1,Sunday,202407,July,202403,3,2024,2024,FW24,,,FW24,FW24,2025,202504,2024Jul,202502,202516,2023-07-23 00:00:00,20230723
45491,2024-07-20 00:00:00,20240720,202515,7,Saturday,202407,July,202403,3,2024,2024,FW24,,,FW24,FW24,2025,202504,2024Jul,202502,202515,2023-07-22 00:00:00,20230722
45490,2024-07-19 00:00:00,20240719,202515,6,Friday,202407,July,202403,3,2024,2024,FW24,,,FW24,FW24,2025,202504,2024Jul,202502,202515,2023-07-21 00:00:00,20230721
45489,2024-07-18 00:00:00,20240718,202515,5,Thursday,202407,July,202403,3,2024,2024,FW24,,,FW24,FW24,2025,202504,2024Jul,202502,202515,2023-07-20 00:00:00,20230720
45488,2024-07-17 00:00:00,20240717,202515,4,Wednesday,202407,July,202403,3,2024,2024,FW24,,,FW24,FW24,2025,202504,2024Jul,202502,202515,2023-07-19 00:00:00,20230719
45487,2024-07-16 00:00:00,20240716,202515,3,Tuesday,202407,July,202403,3,2024,2024,FW24,,,FW24,FW24,2025,202504,2024Jul,202502,202515,2023-07-18 00:00:00,20230718
45486,2024-07-15 00:00:00,20240715,202515,2,Monday,202407,July,202403,3,2024,2024,FW24,,,FW24,FW24,2025,202504,2024Jul,202502,202515,2023-07-17 00:00:00,20230717
45485,2024-07-14 00:00:00,20240714,202515,1,Sunday,202407,July,202403,3,2024,2024,FW24,,,FW24,FW24,2025,202504,2024Jul,202502,202515,2023-07-16 00:00:00,20230716
45484,2024-07-13 00:00:00,20240713,202514,7,Saturday,202407,July,202403,3,2024,2024,FW24,,,FW24,FW24,2025,202504,2024Jul,202502,202514,2023-07-15 00:00:00,20230715
45483,2024-07-12 00:00:00,20240712,202514,6,Friday,202407,July,202403,3,2024,2024,FW24,,,FW24,FW24,2025,202504,2024Jul,202502,202514,2023-07-14 00:00:00,20230714
45482,2024-07-11 00:00:00,20240711,202514,5,Thursday,202407,July,202403,3,2024,2024,FW24,,,FW24,FW24,2025,202504,2024Jul,202502,202514,2023-07-13 00:00:00,20230713
45481,2024-07-10 00:00:00,20240710,202514,4,Wednesday,202407,July,202403,3,2024,2024,FW24,,,FW24,FW24,2025,202504,2024Jul,202502,202514,2023-07-12 00:00:00,20230712
45480,2024-07-09 00:00:00,20240709,202514,3,Tuesday,202407,July,202403,3,2024,2024,FW24,,,FW24,FW24,2025,202504,2024Jul,202502,202514,2023-07-11 00:00:00,20230711
45479,2024-07-08 00:00:00,20240708,202514,2,Monday,202407,July,202403,3,2024,2024,FW24,,,FW24,FW24,2025,202504,2024Jul,202502,202514,2023-07-10 00:00:00,20230710
45478,2024-07-07 00:00:00,20240707,202514,1,Sunday,202407,July,202403,3,2024,2024,FW24,,,FW24,FW24,2025,202504,2024Jul,202502,202514,2023-07-09 00:00:00,20230709
45477,2024-07-06 00:00:00,20240706,202513,7,Saturday,202407,July,202403,3,2024,2024,FW24,,,FW24,FW24,2025,202504,2024Jul,202502,202513,2023-07-08 00:00:00,20230708
45476,2024-07-05 00:00:00,20240705,202513,6,Friday,202407,July,202403,3,2024,2024,FW24,,,FW24,FW24,2025,202504,2024Jul,202502,202513,2023-07-07 00:00:00,20230707
45475,2024-07-04 00:00:00,20240704,202513,5,Thursday,202407,July,202403,3,2024,2024,FW24,,,FW24,FW24,2025,202504,2024Jul,202502,202513,2023-07-06 00:00:00,20230706
45474,2024-07-03 00:00:00,20240703,202513,4,Wednesday,202407,July,202403,3,2024,2024,FW24,,,FW24,FW24,2025,202504,2024Jul,202502,202513,2023-07-05 00:00:00,20230705
45473,2024-07-02 00:00:00,20240702,202513,3,Tuesday,202407,July,202403,3,2024,2024,FW24,,,FW24,FW24,2025,202504,2024Jul,202502,202513,2023-07-04 00:00:00,20230704
45472,2024-07-01 00:00:00,20240701,202513,2,Monday,202407,July,202403,3,2024,2024,FW24,,,FW24,FW24,2025,202504,2024Jul,202502,202513,2023-07-03 00:00:00,20230703
45471,2024-06-30 00:00:00,20240630,202513,1,Sunday,202406,June,202402,2,2024,2024,FW24,,,FW24,FW24,2025,202503,2024Jun,202501,202513,2023-07-02 00:00:00,20230702
45470,2024-06-29 00:00:00,20240629,202512,7,Saturday,202406,June,202402,2,2024,2024,SS24,,,FW24,FW24,2025,202503,2024Jun,202501,202512,2023-07-01 00:00:00,20230701
45469,2024-06-28 00:00:00,20240628,202512,6,Friday,202406,June,202402,2,2024,2024,SS24,,,FW24,FW24,2025,202503,2024Jun,202501,202512,2023-06-30 00:00:00,20230630
45468,2024-06-27 00:00:00,20240627,202512,5,Thursday,202406,June,202402,2,2024,2024,SS24,,,FW24,FW24,2025,202503,2024Jun,202501,202512,2023-06-29 00:00:00,20230629
45467,2024-06-26 00:00:00,20240626,202512,4,Wednesday,202406,June,202402,2,2024,2024,SS24,,,FW24,FW24,2025,202503,2024Jun,202501,202512,2023-06-28 00:00:00,20230628
45466,2024-06-25 00:00:00,20240625,202512,3,Tuesday,202406,June,202402,2,2024,2024,SS24,,,FW24,FW24,2025,202503,2024Jun,202501,202512,2023-06-27 00:00:00,20230627
45465,2024-06-24 00:00:00,20240624,202512,2,Monday,202406,June,202402,2,2024,2024,SS24,,,FW24,FW24,2025,202503,2024Jun,202501,202512,2023-06-26 00:00:00,20230626
45464,2024-06-23 00:00:00,20240623,202512,1,Sunday,202406,June,202402,2,2024,2024,SS24,,,FW24,FW24,2025,202503,2024Jun,202501,202512,2023-06-25 00:00:00,20230625
45463,2024-06-22 00:00:00,20240622,202511,7,Saturday,202406,June,202402,2,2024,2024,SS24,,,FW24,FW24,2025,202503,2024Jun,202501,202511,2023-06-24 00:00:00,20230624
45462,2024-06-21 00:00:00,20240621,202511,6,Friday,202406,June,202402,2,2024,2024,SS24,,,FW24,FW24,2025,202503,2024Jun,202501,202511,2023-06-23 00:00:00,20230623
45461,2024-06-20 00:00:00,20240620,202511,5,Thursday,202406,June,202402,2,2024,2024,SS24,,,FW24,FW24,2025,202503,2024Jun,202501,202511,2023-06-22 00:00:00,20230622
45460,2024-06-19 00:00:00,20240619,202511,4,Wednesday,202406,June,202402,2,2024,2024,SS24,,,FW24,FW24,2025,202503,2024Jun,202501,202511,2023-06-21 00:00:00,20230621
45459,2024-06-18 00:00:00,20240618,202511,3,Tuesday,202406,June,202402,2,2024,2024,SS24,,,FW24,FW24,2025,202503,2024Jun,202501,202511,2023-06-20 00:00:00,20230620
45458,2024-06-17 00:00:00,20240617,202511,2,Monday,202406,June,202402,2,2024,2024,SS24,,,FW24,FW24,2025,202503,2024Jun,202501,202511,2023-06-19 00:00:00,20230619
45457,2024-06-16 00:00:00,20240616,202511,1,Sunday,202406,June,202402,2,2024,2024,SS24,,,FW24,FW24,2025,202503,2024Jun,202501,202511,2023-06-18 00:00:00,20230618
45456,2024-06-15 00:00:00,20240615,202510,7,Saturday,202406,June,202402,2,2024,2024,SS24,,,FW24,SS24,2025,202503,2024Jun,202501,202510,2023-06-17 00:00:00,20230617
45455,2024-06-14 00:00:00,20240614,202510,6,Friday,202406,June,202402,2,2024,2024,SS24,,,FW24,SS24,2025,202503,2024Jun,202501,202510,2023-06-16 00:00:00,20230616
45454,2024-06-13 00:00:00,20240613,202510,5,Thursday,202406,June,202402,2,2024,2024,SS24,,,FW24,SS24,2025,202503,2024Jun,202501,202510,2023-06-15 00:00:00,20230615
45453,2024-06-12 00:00:00,20240612,202510,4,Wednesday,202406,June,202402,2,2024,2024,SS24,,,FW24,SS24,2025,202503,2024Jun,202501,202510,2023-06-14 00:00:00,20230614
45452,2024-06-11 00:00:00,20240611,202510,3,Tuesday,202406,June,202402,2,2024,2024,SS24,,,FW24,SS24,2025,202503,2024Jun,202501,202510,2023-06-13 00:00:00,20230613
45451,2024-06-10 00:00:00,20240610,202510,2,Monday,202406,June,202402,2,2024,2024,SS24,,,FW24,SS24,2025,202503,2024Jun,202501,202510,2023-06-12 00:00:00,20230612
45450,2024-06-09 00:00:00,20240609,202510,1,Sunday,202406,June,202402,2,2024,2024,SS24,,,FW24,SS24,2025,202503,2024Jun,202501,202510,2023-06-11 00:00:00,20230611
45449,2024-06-08 00:00:00,20240608,202509,7,Saturday,202406,June,202402,2,2024,2024,SS24,,,FW24,SS24,2025,202503,2024Jun,202501,202509,2023-06-10 00:00:00,20230610
45448,2024-06-07 00:00:00,20240607,202509,6,Friday,202406,June,202402,2,2024,2024,SS24,,,FW24,SS24,2025,202503,2024Jun,202501,202509,2023-06-09 00:00:00,20230609
45447,2024-06-06 00:00:00,20240606,202509,5,Thursday,202406,June,202402,2,2024,2024,SS24,,,FW24,SS24,2025,202503,2024Jun,202501,202509,2023-06-08 00:00:00,20230608
45446,2024-06-05 00:00:00,20240605,202509,4,Wednesday,202406,June,202402,2,2024,2024,SS24,,,FW24,SS24,2025,202503,2024Jun,202501,202509,2023-06-07 00:00:00,20230607
45445,2024-06-04 00:00:00,20240604,202509,3,Tuesday,202406,June,202402,2,2024,2024,SS24,,,FW24,SS24,2025,202503,2024Jun,202501,202509,2023-06-06 00:00:00,20230606
45444,2024-06-03 00:00:00,20240603,202509,2,Monday,202406,June,202402,2,2024,2024,SS24,,,FW24,SS24,2025,202503,2024Jun,202501,202509,2023-06-05 00:00:00,20230605
45443,2024-06-02 00:00:00,20240602,202509,1,Sunday,202406,June,202402,2,2024,2024,SS24,,,FW24,SS24,2025,202503,2024Jun,202501,202509,2023-06-04 00:00:00,20230604
45442,2024-06-01 00:00:00,20240601,202508,7,Saturday,202406,June,202402,2,2024,2024,SS24,,,FW24,SS24,2025,202503,2024Jun,202501,202508,2023-06-03 00:00:00,20230603
45441,2024-05-31 00:00:00,20240531,202508,6,Friday,202405,May,202402,2,2024,2024,SS24,,,FW24,SS24,2025,202502,2024May,202501,202508,2023-06-02 00:00:00,20230602
45440,2024-05-30 00:00:00,20240530,202508,5,Thursday,202405,May,202402,2,2024,2024,SS24,,,FW24,SS24,2025,202502,2024May,202501,202508,2023-06-01 00:00:00,20230601
45439,2024-05-29 00:00:00,20240529,202508,4,Wednesday,202405,May,202402,2,2024,2024,SS24,,,FW24,SS24,2025,202502,2024May,202501,202508,2023-05-31 00:00:00,20230531
45438,2024-05-28 00:00:00,20240528,202508,3,Tuesday,202405,May,202402,2,2024,2024,SS24,,,FW24,SS24,2025,202502,2024May,202501,202508,2023-05-30 00:00:00,20230530
45437,2024-05-27 00:00:00,20240527,202508,2,Monday,202405,May,202402,2,2024,2024,SS24,,,FW24,SS24,2025,202502,2024May,202501,202508,2023-05-29 00:00:00,20230529
45436,2024-05-26 00:00:00,20240526,202508,1,Sunday,202405,May,202402,2,2024,2024,SS24,,,FW24,SS24,2025,202502,2024May,202501,202508,2023-05-28 00:00:00,20230528
45435,2024-05-25 00:00:00,20240525,202507,7,Saturday,202405,May,202402,2,2024,2024,SS24,,,FW24,SS24,2025,202502,2024May,202501,202507,2023-05-27 00:00:00,20230527
45434,2024-05-24 00:00:00,20240524,202507,6,Friday,202405,May,202402,2,2024,2024,SS24,,,FW24,SS24,2025,202502,2024May,202501,202507,2023-05-26 00:00:00,20230526
45433,2024-05-23 00:00:00,20240523,202507,5,Thursday,202405,May,202402,2,2024,2024,SS24,,,FW24,SS24,2025,202502,2024May,202501,202507,2023-05-25 00:00:00,20230525
45432,2024-05-22 00:00:00,20240522,202507,4,Wednesday,202405,May,202402,2,2024,2024,SS24,,,FW24,SS24,2025,202502,2024May,202501,202507,2023-05-24 00:00:00,20230524
45431,2024-05-21 00:00:00,20240521,202507,3,Tuesday,202405,May,202402,2,2024,2024,SS24,,,FW24,SS24,2025,202502,2024May,202501,202507,2023-05-23 00:00:00,20230523
45430,2024-05-20 00:00:00,20240520,202507,2,Monday,202405,May,202402,2,2024,2024,SS24,,,FW24,SS24,2025,202502,2024May,202501,202507,2023-05-22 00:00:00,20230522
45429,2024-05-19 00:00:00,20240519,202507,1,Sunday,202405,May,202402,2,2024,2024,SS24,,,FW24,SS24,2025,202502,2024May,202501,202507,2023-05-21 00:00:00,20230521
45428,2024-05-18 00:00:00,20240518,202506,7,Saturday,202405,May,202402,2,2024,2024,SS24,,,FW24,SS24,2025,202502,2024May,202501,202506,2023-05-20 00:00:00,20230520
45427,2024-05-17 00:00:00,20240517,202506,6,Friday,202405,May,202402,2,2024,2024,SS24,,,FW24,SS24,2025,202502,2024May,202501,202506,2023-05-19 00:00:00,20230519
45426,2024-05-16 00:00:00,20240516,202506,5,Thursday,202405,May,202402,2,2024,2024,SS24,,,FW24,SS24,2025,202502,2024May,202501,202506,2023-05-18 00:00:00,20230518
45425,2024-05-15 00:00:00,20240515,202506,4,Wednesday,202405,May,202402,2,2024,2024,SS24,,,FW24,SS24,2025,202502,2024May,202501,202506,2023-05-17 00:00:00,20230517
45424,2024-05-14 00:00:00,20240514,202506,3,Tuesday,202405,May,202402,2,2024,2024,SS24,,,FW24,SS24,2025,202502,2024May,202501,202506,2023-05-16 00:00:00,20230516
45423,2024-05-13 00:00:00,20240513,202506,2,Monday,202405,May,202402,2,2024,2024,SS24,,,FW24,SS24,2025,202502,2024May,202501,202506,2023-05-15 00:00:00,20230515
45422,2024-05-12 00:00:00,20240512,202506,1,Sunday,202405,May,202402,2,2024,2024,SS24,,,FW24,SS24,2025,202502,2024May,202501,202506,2023-05-14 00:00:00,20230514
45421,2024-05-11 00:00:00,20240511,202505,7,Saturday,202405,May,202402,2,2024,2024,SS24,,,FW24,SS24,2025,202502,2024May,202501,202505,2023-05-13 00:00:00,20230513
45420,2024-05-10 00:00:00,20240510,202505,6,Friday,202405,May,202402,2,2024,2024,SS24,,,FW24,SS24,2025,202502,2024May,202501,202505,2023-05-12 00:00:00,20230512
45419,2024-05-09 00:00:00,20240509,202505,5,Thursday,202405,May,202402,2,2024,2024,SS24,,,FW24,SS24,2025,202502,2024May,202501,202505,2023-05-11 00:00:00,20230511
45418,2024-05-08 00:00:00,20240508,202505,4,Wednesday,202405,May,202402,2,2024,2024,SS24,,,FW24,SS24,2025,202502,2024May,202501,202505,2023-05-10 00:00:00,20230510
45417,2024-05-07 00:00:00,20240507,202505,3,Tuesday,202405,May,202402,2,2024,2024,SS24,,,FW24,SS24,2025,202502,2024May,202501,202505,2023-05-09 00:00:00,20230509
45416,2024-05-06 00:00:00,20240506,202505,2,Monday,202405,May,202402,2,2024,2024,SS24,,,FW24,SS24,2025,202502,2024May,202501,202505,2023-05-08 00:00:00,20230508
45415,2024-05-05 00:00:00,20240505,202505,1,Sunday,202405,May,202402,2,2024,2024,SS24,,,FW24,SS24,2025,202502,2024May,202501,202505,2023-05-07 00:00:00,20230507
45414,2024-05-04 00:00:00,20240504,202504,7,Saturday,202405,May,202402,2,2024,2024,SS24,,,FW24,SS24,2025,202502,2024May,202501,202504,2023-05-06 00:00:00,20230506
45413,2024-05-03 00:00:00,20240503,202504,6,Friday,202405,May,202402,2,2024,2024,SS24,,,FW24,SS24,2025,202502,2024May,202501,202504,2023-05-05 00:00:00,20230505
45412,2024-05-02 00:00:00,20240502,202504,5,Thursday,202405,May,202402,2,2024,2024,SS24,,,FW24,SS24,2025,202502,2024May,202501,202504,2023-05-04 00:00:00,20230504
45411,2024-05-01 00:00:00,20240501,202504,4,Wednesday,202405,May,202402,2,2024,2024,SS24,,,FW24,SS24,2025,202502,2024May,202501,202504,2023-05-03 00:00:00,20230503
45410,2024-04-30 00:00:00,20240430,202504,3,Tuesday,202404,April,202402,2,2024,2024,SS24,,,SS24,SS24,2025,202501,2024Apr,202501,202504,2023-05-02 00:00:00,20230502
45409,2024-04-29 00:00:00,20240429,202504,2,Monday,202404,April,202402,2,2024,2024,SS24,,,SS24,SS24,2025,202501,2024Apr,202501,202504,2023-05-01 00:00:00,20230501
45408,2024-04-28 00:00:00,20240428,202504,1,Sunday,202404,April,202402,2,2024,2024,SS24,,,SS24,SS24,2025,202501,2024Apr,202501,202504,2023-04-30 00:00:00,20230430
45407,2024-04-27 00:00:00,20240427,202503,7,Saturday,202404,April,202402,2,2024,2024,SS24,,,SS24,SS24,2025,202501,2024Apr,202501,202503,2023-04-29 00:00:00,20230429
45406,2024-04-26 00:00:00,20240426,202503,6,Friday,202404,April,202402,2,2024,2024,SS24,,,SS24,SS24,2025,202501,2024Apr,202501,202503,2023-04-28 00:00:00,20230428
45405,2024-04-25 00:00:00,20240425,202503,5,Thursday,202404,April,202402,2,2024,2024,SS24,,,SS24,SS24,2025,202501,2024Apr,202501,202503,2023-04-27 00:00:00,20230427
45404,2024-04-24 00:00:00,20240424,202503,4,Wednesday,202404,April,202402,2,2024,2024,SS24,,,SS24,SS24,2025,202501,2024Apr,202501,202503,2023-04-26 00:00:00,20230426
45403,2024-04-23 00:00:00,20240423,202503,3,Tuesday,202404,April,202402,2,2024,2024,SS24,,,SS24,SS24,2025,202501,2024Apr,202501,202503,2023-04-25 00:00:00,20230425
45402,2024-04-22 00:00:00,20240422,202503,2,Monday,202404,April,202402,2,2024,2024,SS24,,,SS24,SS24,2025,202501,2024Apr,202501,202503,2023-04-24 00:00:00,20230424
45401,2024-04-21 00:00:00,20240421,202503,1,Sunday,202404,April,202402,2,2024,2024,SS24,,,SS24,SS24,2025,202501,2024Apr,202501,202503,2023-04-23 00:00:00,20230423
45400,2024-04-20 00:00:00,20240420,202502,7,Saturday,202404,April,202402,2,2024,2024,SS24,,,SS24,SS24,2025,202501,2024Apr,202501,202502,2023-04-22 00:00:00,20230422
45399,2024-04-19 00:00:00,20240419,202502,6,Friday,202404,April,202402,2,2024,2024,SS24,,,SS24,SS24,2025,202501,2024Apr,202501,202502,2023-04-21 00:00:00,20230421
45398,2024-04-18 00:00:00,20240418,202502,5,Thursday,202404,April,202402,2,2024,2024,SS24,,,SS24,SS24,2025,202501,2024Apr,202501,202502,2023-04-20 00:00:00,20230420
45397,2024-04-17 00:00:00,20240417,202502,4,Wednesday,202404,April,202402,2,2024,2024,SS24,,,SS24,SS24,2025,202501,2024Apr,202501,202502,2023-04-19 00:00:00,20230419
45396,2024-04-16 00:00:00,20240416,202502,3,Tuesday,202404,April,202402,2,2024,2024,SS24,,,SS24,SS24,2025,202501,2024Apr,202501,202502,2023-04-18 00:00:00,20230418
45395,2024-04-15 00:00:00,20240415,202502,2,Monday,202404,April,202402,2,2024,2024,SS24,,,SS24,SS24,2025,202501,2024Apr,202501,202502,2023-04-17 00:00:00,20230417
45394,2024-04-14 00:00:00,20240414,202502,1,Sunday,202404,April,202402,2,2024,2024,SS24,,,SS24,SS24,2025,202501,2024Apr,202501,202502,2023-04-16 00:00:00,20230416
45393,2024-04-13 00:00:00,20240413,202501,7,Saturday,202404,April,202402,2,2024,2024,SS24,,,SS24,SS24,2025,202501,2024Apr,202501,202501,2023-04-15 00:00:00,20230415
45392,2024-04-12 00:00:00,20240412,202501,6,Friday,202404,April,202402,2,2024,2024,SS24,,,SS24,SS24,2025,202501,2024Apr,202501,202501,2023-04-14 00:00:00,20230414
45391,2024-04-11 00:00:00,20240411,202501,5,Thursday,202404,April,202402,2,2024,2024,SS24,,,SS24,SS24,2025,202501,2024Apr,202501,202501,2023-04-13 00:00:00,20230413
45390,2024-04-10 00:00:00,20240410,202501,4,Wednesday,202404,April,202402,2,2024,2024,SS24,,,SS24,SS24,2025,202501,2024Apr,202501,202501,2023-04-12 00:00:00,20230412
45389,2024-04-09 00:00:00,20240409,202501,3,Tuesday,202404,April,202402,2,2024,2024,SS24,,,SS24,SS24,2025,202501,2024Apr,202501,202501,2023-04-11 00:00:00,20230411
45388,2024-04-08 00:00:00,20240408,202501,2,Monday,202404,April,202402,2,2024,2024,SS24,,,SS24,SS24,2025,202501,2024Apr,202501,202501,2023-04-10 00:00:00,20230410
45387,2024-04-07 00:00:00,20240407,202501,1,Sunday,202404,April,202402,2,2024,2024,SS24,,,SS24,SS24,2025,202501,2024Apr,202501,202501,2023-04-09 00:00:00,20230409
45386,2024-04-06 00:00:00,20240406,202453,7,Saturday,202404,April,202402,2,2024,2024,SS24,,,SS24,SS24,2025,202501,2024Apr,202501,202453,2023-04-08 00:00:00,20230408
45385,2024-04-05 00:00:00,20240405,202453,6,Friday,202404,April,202402,2,2024,2024,SS24,,,SS24,SS24,2025,202501,2024Apr,202501,202453,2023-04-07 00:00:00,20230407
45384,2024-04-04 00:00:00,20240404,202453,5,Thursday,202404,April,202402,2,2024,2024,SS24,,,SS24,SS24,2025,202501,2024Apr,202501,202453,2023-04-06 00:00:00,20230406
45383,2024-04-03 00:00:00,20240403,202453,4,Wednesday,202404,April,202402,2,2024,2024,SS24,,,SS24,SS24,2025,202501,2024Apr,202501,202453,2023-04-05 00:00:00,20230405
45382,2024-04-02 00:00:00,20240402,202453,3,Tuesday,202404,April,202402,2,2024,2024,SS24,,,SS24,SS24,2025,202501,2024Apr,202501,202453,2023-04-04 00:00:00,20230404
45381,2024-04-01 00:00:00,20240401,202453,2,Monday,202404,April,202402,2,2024,2024,SS24,,,SS24,SS24,2025,202501,2024Apr,202501,202453,2023-04-03 00:00:00,20230403
45380,2024-03-31 00:00:00,20240331,202453,1,Sunday,202403,March,202401,1,2024,2024,SS24,,,SS24,SS24,2024,202412,2024Mar,202404,202453,2023-04-02 00:00:00,20230402
45379,2024-03-30 00:00:00,20240330,202452,7,Saturday,202403,March,202401,1,2024,2024,SS24,,,SS24,SS24,2024,202412,2024Mar,202404,202452,2023-04-01 00:00:00,20230401
45378,2024-03-29 00:00:00,20240329,202452,6,Friday,202403,March,202401,1,2024,2024,SS24,,,SS24,SS24,2024,202412,2024Mar,202404,202452,2023-03-31 00:00:00,20230331
45377,2024-03-28 00:00:00,20240328,202452,5,Thursday,202403,March,202401,1,2024,2024,SS24,,,SS24,SS24,2024,202412,2024Mar,202404,202452,2023-03-30 00:00:00,20230330
45376,2024-03-27 00:00:00,20240327,202452,4,Wednesday,202403,March,202401,1,2024,2024,SS24,,,SS24,SS24,2024,202412,2024Mar,202404,202452,2023-03-29 00:00:00,20230329
45375,2024-03-26 00:00:00,20240326,202452,3,Tuesday,202403,March,202401,1,2024,2024,SS24,,,SS24,SS24,2024,202412,2024Mar,202404,202452,2023-03-28 00:00:00,20230328
45374,2024-03-25 00:00:00,20240325,202452,2,Monday,202403,March,202401,1,2024,2024,SS24,,,SS24,SS24,2024,202412,2024Mar,202404,202452,2023-03-27 00:00:00,20230327
45373,2024-03-24 00:00:00,20240324,202452,1,Sunday,202403,March,202401,1,2024,2024,SS24,,,SS24,SS24,2024,202412,2024Mar,202404,202452,2023-03-26 00:00:00,20230326
45372,2024-03-23 00:00:00,20240323,202451,7,Saturday,202403,March,202401,1,2024,2024,SS24,,,SS24,SS24,2024,202412,2024Mar,202404,202451,2023-03-25 00:00:00,20230325
45371,2024-03-22 00:00:00,20240322,202451,6,Friday,202403,March,202401,1,2024,2024,SS24,,,SS24,SS24,2024,202412,2024Mar,202404,202451,2023-03-24 00:00:00,20230324
45370,2024-03-21 00:00:00,20240321,202451,5,Thursday,202403,March,202401,1,2024,2024,SS24,,,SS24,SS24,2024,202412,2024Mar,202404,202451,2023-03-23 00:00:00,20230323
45369,2024-03-20 00:00:00,20240320,202451,4,Wednesday,202403,March,202401,1,2024,2024,SS24,,,SS24,SS24,2024,202412,2024Mar,202404,202451,2023-03-22 00:00:00,20230322
45368,2024-03-19 00:00:00,20240319,202451,3,Tuesday,202403,March,202401,1,2024,2024,SS24,,,SS24,SS24,2024,202412,2024Mar,202404,202451,2023-03-21 00:00:00,20230321
45367,2024-03-18 00:00:00,20240318,202451,2,Monday,202403,March,202401,1,2024,2024,SS24,,,SS24,SS24,2024,202412,2024Mar,202404,202451,2023-03-20 00:00:00,20230320
45366,2024-03-17 00:00:00,20240317,202451,1,Sunday,202403,March,202401,1,2024,2024,SS24,,,SS24,SS24,2024,202412,2024Mar,202404,202451,2023-03-19 00:00:00,20230319
45365,2024-03-16 00:00:00,20240316,202450,7,Saturday,202403,March,202401,1,2024,2024,SS24,,,SS24,SS24,2024,202412,2024Mar,202404,202450,2023-03-18 00:00:00,20230318
45364,2024-03-15 00:00:00,20240315,202450,6,Friday,202403,March,202401,1,2024,2024,SS24,,,SS24,SS24,2024,202412,2024Mar,202404,202450,2023-03-17 00:00:00,20230317
45363,2024-03-14 00:00:00,20240314,202450,5,Thursday,202403,March,202401,1,2024,2024,SS24,,,SS24,SS24,2024,202412,2024Mar,202404,202450,2023-03-16 00:00:00,20230316
45362,2024-03-13 00:00:00,20240313,202450,4,Wednesday,202403,March,202401,1,2024,2024,SS24,,,SS24,SS24,2024,202412,2024Mar,202404,202450,2023-03-15 00:00:00,20230315
45361,2024-03-12 00:00:00,20240312,202450,3,Tuesday,202403,March,202401,1,2024,2024,SS24,,,SS24,SS24,2024,202412,2024Mar,202404,202450,2023-03-14 00:00:00,20230314
45360,2024-03-11 00:00:00,20240311,202450,2,Monday,202403,March,202401,1,2024,2024,SS24,,,SS24,SS24,2024,202412,2024Mar,202404,202450,2023-03-13 00:00:00,20230313
45359,2024-03-10 00:00:00,20240310,202450,1,Sunday,202403,March,202401,1,2024,2024,SS24,,,SS24,SS24,2024,202412,2024Mar,202404,202450,2023-03-12 00:00:00,20230312
45358,2024-03-09 00:00:00,20240309,202449,7,Saturday,202403,March,202401,1,2024,2024,SS24,,,SS24,SS24,2024,202412,2024Mar,202404,202449,2023-03-11 00:00:00,20230311
45357,2024-03-08 00:00:00,20240308,202449,6,Friday,202403,March,202401,1,2024,2024,SS24,,,SS24,SS24,2024,202412,2024Mar,202404,202449,2023-03-10 00:00:00,20230310
45356,2024-03-07 00:00:00,20240307,202449,5,Thursday,202403,March,202401,1,2024,2024,SS24,,,SS24,SS24,2024,202412,2024Mar,202404,202449,2023-03-09 00:00:00,20230309
45355,2024-03-06 00:00:00,20240306,202449,4,Wednesday,202403,March,202401,1,2024,2024,SS24,,,SS24,SS24,2024,202412,2024Mar,202404,202449,2023-03-08 00:00:00,20230308
45354,2024-03-05 00:00:00,20240305,202449,3,Tuesday,202403,March,202401,1,2024,2024,SS24,,,SS24,SS24,2024,202412,2024Mar,202404,202449,2023-03-07 00:00:00,20230307
45353,2024-03-04 00:00:00,20240304,202449,2,Monday,202403,March,202401,1,2024,2024,SS24,,,SS24,SS24,2024,202412,2024Mar,202404,202449,2023-03-06 00:00:00,20230306
45352,2024-03-03 00:00:00,20240303,202449,1,Sunday,202403,March,202401,1,2024,2024,SS24,,,SS24,SS24,2024,202412,2024Mar,202404,202449,2023-03-05 00:00:00,20230305
45351,2024-03-02 00:00:00,20240302,202448,7,Saturday,202403,March,202401,1,2024,2024,SS24,,,SS24,SS24,2024,202412,2024Mar,202404,202448,2023-03-04 00:00:00,20230304
45350,2024-03-01 00:00:00,20240301,202448,6,Friday,202403,March,202401,1,2024,2024,SS24,,,SS24,SS24,2024,202412,2024Mar,202404,202448,2023-03-03 00:00:00,20230303
45349,2024-02-29 00:00:00,20240229,202448,5,Thursday,202402,February,202401,1,2024,2024,SS24,,,SS24,SS24,2024,202411,2024Feb,202404,202448,2023-03-02 00:00:00,20230302
45348,2024-02-28 00:00:00,20240228,202448,4,Wednesday,202402,February,202401,1,2024,2024,SS24,,,SS24,SS24,2024,202411,2024Feb,202404,202448,2023-03-01 00:00:00,20230301
45347,2024-02-27 00:00:00,20240227,202448,3,Tuesday,202402,February,202401,1,2024,2024,SS24,,,SS24,SS24,2024,202411,2024Feb,202404,202448,2023-02-28 00:00:00,20230228
45346,2024-02-26 00:00:00,20240226,202448,2,Monday,202402,February,202401,1,2024,2024,SS24,,,SS24,SS24,2024,202411,2024Feb,202404,202448,2023-02-27 00:00:00,20230227
45345,2024-02-25 00:00:00,20240225,202448,1,Sunday,202402,February,202401,1,2024,2024,SS24,,,SS24,SS24,2024,202411,2024Feb,202404,202448,2023-02-26 00:00:00,20230226
45344,2024-02-24 00:00:00,20240224,202447,7,Saturday,202402,February,202401,1,2024,2024,SS24,,,SS24,SS24,2024,202411,2024Feb,202404,202447,2023-02-25 00:00:00,20230225
45343,2024-02-23 00:00:00,20240223,202447,6,Friday,202402,February,202401,1,2024,2024,SS24,,,SS24,SS24,2024,202411,2024Feb,202404,202447,2023-02-24 00:00:00,20230224
45342,2024-02-22 00:00:00,20240222,202447,5,Thursday,202402,February,202401,1,2024,2024,SS24,,,SS24,SS24,2024,202411,2024Feb,202404,202447,2023-02-23 00:00:00,20230223
45341,2024-02-21 00:00:00,20240221,202447,4,Wednesday,202402,February,202401,1,2024,2024,SS24,,,SS24,SS24,2024,202411,2024Feb,202404,202447,2023-02-22 00:00:00,20230222
45340,2024-02-20 00:00:00,20240220,202447,3,Tuesday,202402,February,202401,1,2024,2024,SS24,,,SS24,SS24,2024,202411,2024Feb,202404,202447,2023-02-21 00:00:00,20230221
45339,2024-02-19 00:00:00,20240219,202447,2,Monday,202402,February,202401,1,2024,2024,SS24,,,SS24,SS24,2024,202411,2024Feb,202404,202447,2023-02-20 00:00:00,20230220
45338,2024-02-18 00:00:00,20240218,202447,1,Sunday,202402,February,202401,1,2024,2024,SS24,,,SS24,SS24,2024,202411,2024Feb,202404,202447,2023-02-19 00:00:00,20230219
45337,2024-02-17 00:00:00,20240217,202446,7,Saturday,202402,February,202401,1,2024,2024,SS24,,,SS24,SS24,2024,202411,2024Feb,202404,202446,2023-02-18 00:00:00,20230218
45336,2024-02-16 00:00:00,20240216,202446,6,Friday,202402,February,202401,1,2024,2024,SS24,,,SS24,SS24,2024,202411,2024Feb,202404,202446,2023-02-17 00:00:00,20230217
45335,2024-02-15 00:00:00,20240215,202446,5,Thursday,202402,February,202401,1,2024,2024,SS24,,,SS24,SS24,2024,202411,2024Feb,202404,202446,2023-02-16 00:00:00,20230216
45334,2024-02-14 00:00:00,20240214,202446,4,Wednesday,202402,February,202401,1,2024,2024,SS24,,,SS24,SS24,2024,202411,2024Feb,202404,202446,2023-02-15 00:00:00,20230215
45333,2024-02-13 00:00:00,20240213,202446,3,Tuesday,202402,February,202401,1,2024,2024,SS24,,,SS24,SS24,2024,202411,2024Feb,202404,202446,2023-02-14 00:00:00,20230214
45332,2024-02-12 00:00:00,20240212,202446,2,Monday,202402,February,202401,1,2024,2024,SS24,,,SS24,SS24,2024,202411,2024Feb,202404,202446,2023-02-13 00:00:00,20230213
45331,2024-02-11 00:00:00,20240211,202446,1,Sunday,202402,February,202401,1,2024,2024,SS24,,,SS24,SS24,2024,202411,2024Feb,202404,202446,2023-02-12 00:00:00,20230212
45330,2024-02-10 00:00:00,20240210,202445,7,Saturday,202402,February,202401,1,2024,2024,SS24,,,SS24,SS24,2024,202411,2024Feb,202404,202445,2023-02-11 00:00:00,20230211
45329,2024-02-09 00:00:00,20240209,202445,6,Friday,202402,February,202401,1,2024,2024,SS24,,,SS24,SS24,2024,202411,2024Feb,202404,202445,2023-02-10 00:00:00,20230210
45328,2024-02-08 00:00:00,20240208,202445,5,Thursday,202402,February,202401,1,2024,2024,SS24,,,SS24,SS24,2024,202411,2024Feb,202404,202445,2023-02-09 00:00:00,20230209
45327,2024-02-07 00:00:00,20240207,202445,4,Wednesday,202402,February,202401,1,2024,2024,SS24,,,SS24,SS24,2024,202411,2024Feb,202404,202445,2023-02-08 00:00:00,20230208
45326,2024-02-06 00:00:00,20240206,202445,3,Tuesday,202402,February,202401,1,2024,2024,SS24,,,SS24,SS24,2024,202411,2024Feb,202404,202445,2023-02-07 00:00:00,20230207
45325,2024-02-05 00:00:00,20240205,202445,2,Monday,202402,February,202401,1,2024,2024,SS24,,,SS24,SS24,2024,202411,2024Feb,202404,202445,2023-02-06 00:00:00,20230206
45324,2024-02-04 00:00:00,20240204,202445,1,Sunday,202402,February,202401,1,2024,2024,SS24,,,SS24,SS24,2024,202411,2024Feb,202404,202445,2023-02-05 00:00:00,20230205
45323,2024-02-03 00:00:00,20240203,202444,7,Saturday,202402,February,202401,1,2024,2024,SS24,,,SS24,SS24,2024,202411,2024Feb,202404,202444,2023-02-04 00:00:00,20230204
45322,2024-02-02 00:00:00,20240202,202444,6,Friday,202402,February,202401,1,2024,2024,SS24,,,SS24,SS24,2024,202411,2024Feb,202404,202444,2023-02-03 00:00:00,20230203
45321,2024-02-01 00:00:00,20240201,202444,5,Thursday,202402,February,202401,1,2024,2024,SS24,,,SS24,SS24,2024,202411,2024Feb,202404,202444,2023-02-02 00:00:00,20230202
45320,2024-01-31 00:00:00,20240131,202444,4,Wednesday,202401,January,202401,1,2024,2024,SS24,,,SS24,SS24,2024,202410,2024Jan,202404,202444,2023-02-01 00:00:00,20230201
45319,2024-01-30 00:00:00,20240130,202444,3,Tuesday,202401,January,202401,1,2024,2024,SS24,,,SS24,SS24,2024,202410,2024Jan,202404,202444,2023-01-31 00:00:00,20230131
45318,2024-01-29 00:00:00,20240129,202444,2,Monday,202401,January,202401,1,2024,2024,SS24,,,SS24,SS24,2024,202410,2024Jan,202404,202444,2023-01-30 00:00:00,20230130
45317,2024-01-28 00:00:00,20240128,202444,1,Sunday,202401,January,202401,1,2024,2024,SS24,,,SS24,SS24,2024,202410,2024Jan,202404,202444,2023-01-29 00:00:00,20230129
45316,2024-01-27 00:00:00,20240127,202443,7,Saturday,202401,January,202401,1,2024,2024,SS24,,,SS24,SS24,2024,202410,2024Jan,202404,202443,2023-01-28 00:00:00,20230128
45315,2024-01-26 00:00:00,20240126,202443,6,Friday,202401,January,202401,1,2024,2024,SS24,,,SS24,SS24,2024,202410,2024Jan,202404,202443,2023-01-27 00:00:00,20230127
45314,2024-01-25 00:00:00,20240125,202443,5,Thursday,202401,January,202401,1,2024,2024,SS24,,,SS24,SS24,2024,202410,2024Jan,202404,202443,2023-01-26 00:00:00,20230126
45313,2024-01-24 00:00:00,20240124,202443,4,Wednesday,202401,January,202401,1,2024,2024,SS24,,,SS24,SS24,2024,202410,2024Jan,202404,202443,2023-01-25 00:00:00,20230125
45312,2024-01-23 00:00:00,20240123,202443,3,Tuesday,202401,January,202401,1,2024,2024,SS24,,,SS24,SS24,2024,202410,2024Jan,202404,202443,2023-01-24 00:00:00,20230124
45311,2024-01-22 00:00:00,20240122,202443,2,Monday,202401,January,202401,1,2024,2024,SS24,,,SS24,SS24,2024,202410,2024Jan,202404,202443,2023-01-23 00:00:00,20230123
45310,2024-01-21 00:00:00,20240121,202443,1,Sunday,202401,January,202401,1,2024,2024,SS24,,,SS24,SS24,2024,202410,2024Jan,202404,202443,2023-01-22 00:00:00,20230122
45309,2024-01-20 00:00:00,20240120,202442,7,Saturday,202401,January,202401,1,2024,2024,SS24,,,SS24,SS24,2024,202410,2024Jan,202404,202442,2023-01-21 00:00:00,20230121
45308,2024-01-19 00:00:00,20240119,202442,6,Friday,202401,January,202401,1,2024,2024,SS24,,,SS24,SS24,2024,202410,2024Jan,202404,202442,2023-01-20 00:00:00,20230120
45307,2024-01-18 00:00:00,20240118,202442,5,Thursday,202401,January,202401,1,2024,2024,SS24,,,SS24,SS24,2024,202410,2024Jan,202404,202442,2023-01-19 00:00:00,20230119
45306,2024-01-17 00:00:00,20240117,202442,4,Wednesday,202401,January,202401,1,2024,2024,SS24,,,SS24,SS24,2024,202410,2024Jan,202404,202442,2023-01-18 00:00:00,20230118
45305,2024-01-16 00:00:00,20240116,202442,3,Tuesday,202401,January,202401,1,2024,2024,SS24,,,SS24,SS24,2024,202410,2024Jan,202404,202442,2023-01-17 00:00:00,20230117
45304,2024-01-15 00:00:00,20240115,202442,2,Monday,202401,January,202401,1,2024,2024,SS24,,,SS24,SS24,2024,202410,2024Jan,202404,202442,2023-01-16 00:00:00,20230116
45303,2024-01-14 00:00:00,20240114,202442,1,Sunday,202401,January,202401,1,2024,2024,SS24,,,SS24,SS24,2024,202410,2024Jan,202404,202442,2023-01-15 00:00:00,20230115
45302,2024-01-13 00:00:00,20240113,202441,7,Saturday,202401,January,202401,1,2024,2024,SS24,,,SS24,SS24,2024,202410,2024Jan,202404,202441,2023-01-14 00:00:00,20230114
45301,2024-01-12 00:00:00,20240112,202441,6,Friday,202401,January,202401,1,2024,2024,SS24,,,SS24,SS24,2024,202410,2024Jan,202404,202441,2023-01-13 00:00:00,20230113
45300,2024-01-11 00:00:00,20240111,202441,5,Thursday,202401,January,202401,1,2024,2024,SS24,,,SS24,SS24,2024,202410,2024Jan,202404,202441,2023-01-12 00:00:00,20230112
45299,2024-01-10 00:00:00,20240110,202441,4,Wednesday,202401,January,202401,1,2024,2024,SS24,,,SS24,SS24,2024,202410,2024Jan,202404,202441,2023-01-11 00:00:00,20230111
45298,2024-01-09 00:00:00,20240109,202441,3,Tuesday,202401,January,202401,1,2024,2024,SS24,,,SS24,SS24,2024,202410,2024Jan,202404,202441,2023-01-10 00:00:00,20230110
45297,2024-01-08 00:00:00,20240108,202441,2,Monday,202401,January,202401,1,2024,2024,SS24,,,SS24,SS24,2024,202410,2024Jan,202404,202441,2023-01-09 00:00:00,20230109
45296,2024-01-07 00:00:00,20240107,202441,1,Sunday,202401,January,202401,1,2024,2024,SS24,,,SS24,SS24,2024,202410,2024Jan,202404,202441,2023-01-08 00:00:00,20230108
45295,2024-01-06 00:00:00,20240106,202440,7,Saturday,202401,January,202401,1,2024,2024,SS24,,,SS24,SS24,2024,202410,2024Jan,202404,202440,2023-01-07 00:00:00,20230107
45294,2024-01-05 00:00:00,20240105,202440,6,Friday,202401,January,202401,1,2024,2024,SS24,,,SS24,SS24,2024,202410,2024Jan,202404,202440,2023-01-06 00:00:00,20230106
45293,2024-01-04 00:00:00,20240104,202440,5,Thursday,202401,January,202401,1,2024,2024,SS24,,,SS24,SS24,2024,202410,2024Jan,202404,202440,2023-01-05 00:00:00,20230105
45292,2024-01-03 00:00:00,20240103,202440,4,Wednesday,202401,January,202401,1,2024,2024,SS24,,,SS24,SS24,2024,202410,2024Jan,202404,202440,2023-01-04 00:00:00,20230104
45291,2024-01-02 00:00:00,20240102,202440,3,Tuesday,202401,January,202401,1,2024,2024,SS24,,,SS24,SS24,2024,202410,2024Jan,202404,202440,2023-01-03 00:00:00,20230103
45290,2024-01-01 00:00:00,20240101,202440,2,Monday,202401,January,202401,1,2024,2024,SS24,,,SS24,SS24,2024,202410,2024Jan,202404,202440,2023-01-02 00:00:00,20230102